{
    "pages" : [
        //pages数组中第一项表示应用启动页，参考：https://uniapp.dcloud.io/collocation/pages
        {
            "path" : "pages/index/index",
            "style" : {
                "enablePullDownRefresh" : true
            }
        },
        {
            "path" : "pages/write/write",
            "style" : {}
        },
        {
            "path" : "pages/my/my",
            "style" : {}
        },
        {
            "path" : "pages/login/login",
            "style" : {}
        },
        {
            "path" : "pages/editArt/editArt",
            "style" : {}
        },
        {
            "path" : "pages/info/info",
            "style" : {}
        }
    ],
    "globalStyle" : {
        "navigationBarTextStyle" : "black",
        "navigationBarTitleText" : "悦读",
        "navigationBarBackgroundColor" : "#F8F8F8",
        "backgroundColor" : "#F8F8F8"
    },
    "tabBar" : {
        "color" : "#707070",
        "selectedColor" : "#DE533A",
        "list" : [
            {
                "pagePath" : "pages/index/index",
                "text" : "文章",
                "iconPath" : "static/nav1.png",
                "selectedIconPath" : "static/nav1-a.png"
            },
            {
                "pagePath" : "pages/write/write",
                "text" : "写作",
                "iconPath" : "static/nav2.png",
                "selectedIconPath" : "static/nav2-a.png"
            },
            {
                "pagePath" : "pages/my/my",
                "text" : "我的",
                "iconPath" : "static/nav3.png",
                "selectedIconPath" : "static/nav3-a.png"
            }
        ]
    }
}
